﻿<parameters>
  <parameter name="IIS Web Application Name" defaultValue="https://localhost:44318/" tags="IisApp">
    <parameterEntry kind="ProviderPath" scope="IisApp" match="^C:\\Users\\Admin\\Desktop\\DACNTT\\MyDACNTT\\DACNTT\\DACNTT\\obj\\Release\\Package\\PackageTmp$" />
    <parameterEntry kind="ProviderPath" scope="setAcl" match="^C:\\Users\\Admin\\Desktop\\DACNTT\\MyDACNTT\\DACNTT\\DACNTT\\obj\\Release\\Package\\PackageTmp$" />
  </parameter>
  <parameter name="DefaultConnection-Web.config Connection String" description="DefaultConnection Connection String used in web.config by the application to access the database." defaultValue="Data Source=DESKTOP-CDO0SQ2\SQLEXPRESS;Initial Catalog=BigSchool_NhuHoangHai;Integrated Security=True" tags="SqlConnectionString">
    <parameterEntry kind="XmlFile" scope="C:\\Users\\Admin\\Desktop\\DACNTT\\MyDACNTT\\DACNTT\\DACNTT\\obj\\Release\\Package\\PackageTmp\\Web\.config$" match="/configuration/connectionStrings/add[@name='DefaultConnection']/@connectionString" />
  </parameter>
  <parameter name="Model1-Web.config Connection String" description="Model1 Connection String used in web.config by the application to access the database." defaultValue="data source=DESKTOP-CDO0SQ2\SQLEXPRESS;initial catalog=BigSchool_NhuHoangHai;integrated security=True;MultipleActiveResultSets=True;App=EntityFramework" tags="SqlConnectionString">
    <parameterEntry kind="XmlFile" scope="C:\\Users\\Admin\\Desktop\\DACNTT\\MyDACNTT\\DACNTT\\DACNTT\\obj\\Release\\Package\\PackageTmp\\Web\.config$" match="/configuration/connectionStrings/add[@name='Model1']/@connectionString" />
  </parameter>
  <parameter name="DATA1-Web.config Connection String" description="DATA1 Connection String used in web.config by the application to access the database." defaultValue="data source=DESKTOP-CDO0SQ2\SQLEXPRESS;initial catalog=BigSchool_NhuHoangHai;integrated security=True;multipleactiveresultsets=True;application name=EntityFramework" tags="SqlConnectionString">
    <parameterEntry kind="XmlFile" scope="C:\\Users\\Admin\\Desktop\\DACNTT\\MyDACNTT\\DACNTT\\DACNTT\\obj\\Release\\Package\\PackageTmp\\Web\.config$" match="/configuration/connectionStrings/add[@name='DATA1']/@connectionString" />
  </parameter>
  <parameter name="Model2-Web.config Connection String" description="Model2 Connection String used in web.config by the application to access the database." defaultValue="data source=DESKTOP-CDO0SQ2\SQLEXPRESS;initial catalog=BigSchool_NhuHoangHai;integrated security=True;multipleactiveresultsets=True;application name=EntityFramework" tags="SqlConnectionString">
    <parameterEntry kind="XmlFile" scope="C:\\Users\\Admin\\Desktop\\DACNTT\\MyDACNTT\\DACNTT\\DACNTT\\obj\\Release\\Package\\PackageTmp\\Web\.config$" match="/configuration/connectionStrings/add[@name='Model2']/@connectionString" />
  </parameter>
  <parameter name="Model21-Web.config Connection String" description="Model21 Connection String used in web.config by the application to access the database." defaultValue="data source=DESKTOP-CDO0SQ2\SQLEXPRESS;initial catalog=BigSchool_NhuHoangHai;integrated security=True;multipleactiveresultsets=True;application name=EntityFramework" tags="SqlConnectionString">
    <parameterEntry kind="XmlFile" scope="C:\\Users\\Admin\\Desktop\\DACNTT\\MyDACNTT\\DACNTT\\DACNTT\\obj\\Release\\Package\\PackageTmp\\Web\.config$" match="/configuration/connectionStrings/add[@name='Model21']/@connectionString" />
  </parameter>
  <parameter name="Model11-Web.config Connection String" description="Model11 Connection String used in web.config by the application to access the database." defaultValue="data source=DESKTOP-CDO0SQ2\SQLEXPRESS;initial catalog=BigSchool_NhuHoangHai;integrated security=True;multipleactiveresultsets=True;application name=EntityFramework" tags="SqlConnectionString">
    <parameterEntry kind="XmlFile" scope="C:\\Users\\Admin\\Desktop\\DACNTT\\MyDACNTT\\DACNTT\\DACNTT\\obj\\Release\\Package\\PackageTmp\\Web\.config$" match="/configuration/connectionStrings/add[@name='Model11']/@connectionString" />
  </parameter>
  <parameter name="DATA-Web.config Connection String" description="DATA Connection String used in web.config by the application to access the database." defaultValue="data source=DESKTOP-CDO0SQ2\SQLEXPRESS;initial catalog=BigSchool_NhuHoangHai;integrated security=True;MultipleActiveResultSets=True;App=EntityFramework" tags="SqlConnectionString">
    <parameterEntry kind="XmlFile" scope="C:\\Users\\Admin\\Desktop\\DACNTT\\MyDACNTT\\DACNTT\\DACNTT\\obj\\Release\\Package\\PackageTmp\\Web\.config$" match="/configuration/connectionStrings/add[@name='DATA']/@connectionString" />
  </parameter>
  <parameter name="Model22-Web.config Connection String" description="Model22 Connection String used in web.config by the application to access the database." defaultValue="data source=DESKTOP-CDO0SQ2\SQLEXPRESS;initial catalog=BigSchool_NhuHoangHai;integrated security=True;multipleactiveresultsets=True;application name=EntityFramework" tags="SqlConnectionString">
    <parameterEntry kind="XmlFile" scope="C:\\Users\\Admin\\Desktop\\DACNTT\\MyDACNTT\\DACNTT\\DACNTT\\obj\\Release\\Package\\PackageTmp\\Web\.config$" match="/configuration/connectionStrings/add[@name='Model22']/@connectionString" />
  </parameter>
  <parameter name="BigSchool_NhuHoangHaiEntities2-Web.config Connection String" description="BigSchool_NhuHoangHaiEntities2 Connection String used in web.config by the application to access the database." defaultValue="metadata=res://*/Models.Model1.csdl|res://*/Models.Model1.ssdl|res://*/Models.Model1.msl;provider=System.Data.SqlClient;provider connection string=&quot;data source=DESKTOP-CDO0SQ2\SQLEXPRESS;initial catalog=BigSchool_NhuHoangHai;integrated security=True;multipleactiveresultsets=True;application name=EntityFramework&quot;" tags="SqlConnectionString">
    <parameterEntry kind="XmlFile" scope="C:\\Users\\Admin\\Desktop\\DACNTT\\MyDACNTT\\DACNTT\\DACNTT\\obj\\Release\\Package\\PackageTmp\\Web\.config$" match="/configuration/connectionStrings/add[@name='BigSchool_NhuHoangHaiEntities2']/@connectionString" />
  </parameter>
</parameters>